Year,Lyrics,Country,Performer,Song,Topic,Cleaned Lyrics,Language,Predicted_Place
2024,"[Intro]
Woah-oh-oh

[Verse 1]
Welcome to the show, let everybody know
I'm done playin' the game, I'll break out of the chains
You better buckle up, I'll pour another cup
This is my bohème, so drink it up, my friend

[Pre-Chorus]
Oh
Oh
This story is my truth

[Chorus]
I, I went to hell and back
To find myself on track
I broke the code, woah-oh-oh
Like ammonites
I just gave it some time
Now I found paradise
I broke the code, woah-oh-oh (Yeah)

[Verse 2]
Let me tell you a tale about life
'Bout the good and the bad, better hold on tight
Who dеcides what's wrong, what's right?
Everything is balance, еverything's light
I got so much on my mind
And I been awake all night
I'm so pumped, I'm so psyched
It's bigger than me, I'm gettin' so hyped, like   [Pre-Chorus]
(Oh) Let me taste the lows and highs
(Oh) Let me feel that burning fright
(Oh) This story is my truth

[Chorus]
I, I went to hell and back
To find myself on track
I broke the code, woah-oh-oh
Like ammonites
I just gave it some time
Now I found paradise
I broke the code, woah-oh-oh (Ooh)

[Bridge]
Somewhere between the O's and ones
That's where I found my kingdom come
My heart beats like a—
Somewhere between the O's and ones
That's where I found my kingdom come
My heart beats like a drum
(Ooh, ooh-ooh)
(Ooh, ooh)
(Ooh, ooh-ooh)
(Ooh, ooh)
[Chorus]
I, I went to hell and back
To find myself on track
I broke the code, woah-oh-oh
Like ammonites
I just gave it some time
Now I found paradise
I broke the code, woah-oh-oh, woah-oh-oh",Switzerland,Nemo,The Code,0,"
woah-oh-oh


welcome to the show, let everybody know
i'm done playin' the game, i'll break out of the chains
you better buckle up, i'll pour another cup
this is my bohème, so drink it up, my friend


oh
oh
this story is my truth


i, i went to hell and back
to find myself on track
i broke the code, woah-oh-oh
like ammonites
i just gave it some time
now i found paradise
i broke the code, woah-oh-oh (yeah)


let me tell you a tale about life
'bout the good and the bad, better hold on tight
who dеcides what's wrong, what's right?
everything is balance, еverything's light
i got so much on my mind
and i been awake all night
i'm so pumped, i'm so psyched
it's bigger than me, i'm gettin' so hyped, like   
(oh) let me taste the lows and highs
(oh) let me feel that burning fright
(oh) this story is my truth


i, i went to hell and back
to find myself on track
i broke the code, woah-oh-oh
like ammonites
i just gave it some time
now i found paradise
i broke the code, woah-oh-oh (ooh)


somewhere between the o's and ones
that's where i found my kingdom come
my heart beats like a—
somewhere between the o's and ones
that's where i found my kingdom come
my heart beats like a drum
(ooh, ooh-ooh)
(ooh, ooh)
(ooh, ooh-ooh)
(ooh, ooh)

i, i went to hell and back
to find myself on track
i broke the code, woah-oh-oh
like ammonites
i just gave it some time
now i found paradise
i broke the code, woah-oh-oh, woah-oh-oh",en,12.226754
2024,"Ay, I'm a big boy now
I'm ready to leave, ciao, mamma, ciao
Ay, I'm a big boy now
I'm going away and I sold my cow
Before I leave, I must confess
I need a round of decompress
One more time for all the good times
Rim-tim-tagi-digi, dim-tim-tim
Gonna miss you all, but mostly the cat
Gonna miss my hay, gonna miss my bed
But most of all, I'ma miss the dance
So come on y'all, let us prance
Now don't call, don't write
I'm leavin' with the first light
Don't cry, but dance
Rim-tim-tagi-digi, dim-tim-tim
There's no going back (whoa)
My presence fades to black (whoa)
Yeah, there's no going back (whoa)
My anxiety attacks (whoa)
Rim-tim-tagi-digi, dim-tim-tagi-digi-dim
I hope I find peace in the noise
Wanna become one of them city boys
They're all so pretty and so advanced
Maybe they also know our dance
Bye mom, bye dad
Meow, cat, please, meow back
Don't cry, just dance
Rim-tim-tagi-digi, dim-tim-tim
There's no going back (whoa)
My presence fades to black (whoa)
Yeah, there's no going back (whoa)
My anxiety attacks (whoa)
Rim-tim-tagi-digi, dim-tim-tagi-digi-dim
There's no going back (whoa)
My presence fades to black (whoa)
There's no going back (whoa)
Anxiety attacks (whoa)
Rim-tim-tagi-digi, dim-tim-tagi-digi-dim
There's no going back (whoa)
My presence fades to black (whoa)
Yeah, there's no going back (whoa)
My anxiety attacks (whoa)
Rim-tim-tagi-digi, dim-tim-tagi-digi-dim",Croatia,Baby Lasagna,Rim Tim Tagi Dim,0,"ay, i'm a big boy now
i'm ready to leave, ciao, mamma, ciao
ay, i'm a big boy now
i'm going away and i sold my cow
before i leave, i must confess
i need a round of decompress
one more time for all the good times
rim-tim-tagi-digi, dim-tim-tim
gonna miss you all, but mostly the cat
gonna miss my hay, gonna miss my bed
but most of all, i'ma miss the dance
so come on y'all, let us prance
now don't call, don't write
i'm leavin' with the first light
don't cry, but dance
rim-tim-tagi-digi, dim-tim-tim
there's no going back (whoa)
my presence fades to black (whoa)
yeah, there's no going back (whoa)
my anxiety attacks (whoa)
rim-tim-tagi-digi, dim-tim-tagi-digi-dim
i hope i find peace in the noise
wanna become one of them city boys
they're all so pretty and so advanced
maybe they also know our dance
bye mom, bye dad
meow, cat, please, meow back
don't cry, just dance
rim-tim-tagi-digi, dim-tim-tim
there's no going back (whoa)
my presence fades to black (whoa)
yeah, there's no going back (whoa)
my anxiety attacks (whoa)
rim-tim-tagi-digi, dim-tim-tagi-digi-dim
there's no going back (whoa)
my presence fades to black (whoa)
there's no going back (whoa)
anxiety attacks (whoa)
rim-tim-tagi-digi, dim-tim-tagi-digi-dim
there's no going back (whoa)
my presence fades to black (whoa)
yeah, there's no going back (whoa)
my anxiety attacks (whoa)
rim-tim-tagi-digi, dim-tim-tagi-digi-dim",en,13.607199
2024,"Джере-джере-джерело пробива собі шлях
Що би, що би не було, світ на її плечах
Мані-мані-манівці — звивисті, скелясті
Але, знай, в твоїй руці твоє власне щастя
Давай, мала, палай
I'm not holy, I'm alive
З нами мама Тереза й Діва Марія
Босі, ніби по лезу, йшли по землі
With us Mama Teresa, Diva Maria
All the divas were born as the human beings
З нами мама Тереза й Діва Марія
Босі, ніби по лезу, йшли по землі
With us Mama Teresa, Diva Maria
All the divas were born as the human beings
Навіть ще змаля ми шукали шлях
Та життя петля ніби для тих, хто падає
На своїх плечах ще мале дівча
Несе з болю чан і вбача, що то вада є
Знову не така, то надто м'яка
Одяг на кістках, голяка чи то під вінець
Де твоє дитя? Що твоє життя?
Та роки ж летять, і, затям, скоро вже кінець
І хай хтось хоче, аби ми зламались
Хай бува в тобі заряду не по лікоть, а по палець
І хай хтось хова за посмішкою ненависть і заздрість
Коли ти впускаєш в серце гнів добра й любові замість
Але в небі є святі, їх ноги бачили цю землю
Знаєш, твій тернистий шлях саме тому є не даремно
І хай буде дуже страшно й темно і часом нелегко
Та з тобою завжди будуть з неба слідувати предки
З нами мама Тереза й Діва Марія
Босі, ніби по лезу, йшли по землі
With us Mama Teresa, Diva Maria
All the divas were born as the human beings
З нами мама Тереза й Діва Марія
Босі, ніби по лезу, йшли по землі
With us Mama Teresa, Diva Maria
All the divas were born as the human beings",Ukraine,alyona alyona & Jerry Heil,Teresa & Maria,0,"джере-джере-джерело пробива собі шлях
що би, що би не було, світ на її плечах
мані-мані-манівці — звивисті, скелясті
але, знай, в твоїй руці твоє власне щастя
давай, мала, палай
i'm not holy, i'm alive
з нами мама тереза й діва марія
босі, ніби по лезу, йшли по землі
with us mama teresa, diva maria
all the divas were born as the human beings
з нами мама тереза й діва марія
босі, ніби по лезу, йшли по землі
with us mama teresa, diva maria
all the divas were born as the human beings
навіть ще змаля ми шукали шлях
та життя петля ніби для тих, хто падає
на своїх плечах ще мале дівча
несе з болю чан і вбача, що то вада є
знову не така, то надто м'яка
одяг на кістках, голяка чи то під вінець
де твоє дитя? що твоє життя?
та роки ж летять, і, затям, скоро вже кінець
і хай хтось хоче, аби ми зламались
хай бува в тобі заряду не по лікоть, а по палець
і хай хтось хова за посмішкою ненависть і заздрість
коли ти впускаєш в серце гнів добра й любові замість
але в небі є святі, їх ноги бачили цю землю
знаєш, твій тернистий шлях саме тому є не даремно
і хай буде дуже страшно й темно і часом нелегко
та з тобою завжди будуть з неба слідувати предки
з нами мама тереза й діва марія
босі, ніби по лезу, йшли по землі
with us mama teresa, diva maria
all the divas were born as the human beings
з нами мама тереза й діва марія
босі, ніби по лезу, йшли по землі
with us mama teresa, diva maria
all the divas were born as the human beings",uk,11.68609
2024,"Mon amour
Dis-moi à quoi tu penses
Si tout ça a un sens
Désolé si j'te dérange
Mon amour
Te souviens-tu de nous?
Du premier rendez-vous?
C'était beau, c'était fou
Je t'aime
J'sais pas pourquoi
Je rejoue la scène
Et c'est toujours la même fin qui recommence
Tu n'entends pas ma peine?
On en fait quoi?
Est-ce que tu m'aimes?
Ou pas?
Mon amour
Je ferai tout ce que je peux
Un océan dans le feu
L'impossible si tu le veux
Oh, mon amour
Allez, reviens à Paris
Fais-le pour nous, je t'en supplie
Je le promets, j'ai compris
Je t'aime
J'sais pas pourquoi
Je rejoue la scène
Mais c'est toujours la même fin qui recommence
Tu n'entends pas ma peine?
On en fait quoi?
Est-ce que tu m'aimes?
Ou pas?
Dis-moi l'endroit
Je t'attendrai
Et si tu viens pas
Je t'attendrais
C'est bête, je sais
Je le ferai
Remplis d'espoir
Je t'attendrai
Je t'aime
J'sais pas pourquoi
Je rejoue la scène
Mais c'est toujours la même fin qui recommence
Tu n'entends pas ma peine?
On en fait quoi?
Est-ce que tu m'aimes?
Est-ce que tu m'aimes?
Est-ce que tu m'aimes?
Est-ce que tu m'aimes?
Ou pas?",France,Slimane,Mon amour,0,"mon amour
dis-moi à quoi tu penses
si tout ça a un sens
désolé si j'te dérange
mon amour
te souviens-tu de nous?
du premier rendez-vous?
c'était beau, c'était fou
je t'aime
j'sais pas pourquoi
je rejoue la scène
et c'est toujours la même fin qui recommence
tu n'entends pas ma peine?
on en fait quoi?
est-ce que tu m'aimes?
ou pas?
mon amour
je ferai tout ce que je peux
un océan dans le feu
l'impossible si tu le veux
oh, mon amour
allez, reviens à paris
fais-le pour nous, je t'en supplie
je le promets, j'ai compris
je t'aime
j'sais pas pourquoi
je rejoue la scène
mais c'est toujours la même fin qui recommence
tu n'entends pas ma peine?
on en fait quoi?
est-ce que tu m'aimes?
ou pas?
dis-moi l'endroit
je t'attendrai
et si tu viens pas
je t'attendrais
c'est bête, je sais
je le ferai
remplis d'espoir
je t'attendrai
je t'aime
j'sais pas pourquoi
je rejoue la scène
mais c'est toujours la même fin qui recommence
tu n'entends pas ma peine?
on en fait quoi?
est-ce que tu m'aimes?
est-ce que tu m'aimes?
est-ce que tu m'aimes?
est-ce que tu m'aimes?
ou pas?",fr,16.160814
2024,"Writer of my symphony
Play with me
Look into my eyes and see
People walk away but never say goodbye
Someone stole the moon tonight
Took my light
Everything is black and white
Who's the fool who told you boys don't cry?
Hours and hours, empowers
Life is no game, but it's ours
While the time goes wild
Every day, I'm losin' my mind
Holdin' on in this mysterious ride
Dancin' in the storm, I got nothin' to hide
Take it all and leave the world behind
Baby, promise me you'll hold me again
I'm still broken from this hurricane
This hurricane
Livin' in a fantasy
Ecstasy
Everything is meant to be
We shall pass, but love will never die, mm
Hours and hours, empowers
Life is no game, but it's ours
While the time goes wild
Every day, I'm losin' my mind
Holdin' on in this mysterious ride
Dancin' in the storm, I got nothin' to hide
Take it all and leave the world behind
Baby, promise me you'll hold me again
I'm still broken from this hurricane
This hurricane
This hurricane
לא צריך מילים גדולות
רק תפילות
אפילו אם קשה לראות
תמיד אתה משאיר לי אור אחד קטן",Israel,Eden Golan,Hurricane,0,"writer of my symphony
play with me
look into my eyes and see
people walk away but never say goodbye
someone stole the moon tonight
took my light
everything is black and white
who's the fool who told you boys don't cry?
hours and hours, empowers
life is no game, but it's ours
while the time goes wild
every day, i'm losin' my mind
holdin' on in this mysterious ride
dancin' in the storm, i got nothin' to hide
take it all and leave the world behind
baby, promise me you'll hold me again
i'm still broken from this hurricane
this hurricane
livin' in a fantasy
ecstasy
everything is meant to be
we shall pass, but love will never die, mm
hours and hours, empowers
life is no game, but it's ours
while the time goes wild
every day, i'm losin' my mind
holdin' on in this mysterious ride
dancin' in the storm, i got nothin' to hide
take it all and leave the world behind
baby, promise me you'll hold me again
i'm still broken from this hurricane
this hurricane
this hurricane
לא צריך מילים גדולות
רק תפילות
אפילו אם קשה לראות
תמיד אתה משאיר לי אור אחד קטן",en,11.396643
2024,"Avada Kedavra, I speak to destroy
The feelings I have, I cannot avoid
Through twisted tongues, a hex deployed on you
That all the pretties in your bed
Escape your hands and make you sad
And all the things you wish you had you'd lose
I, I, I know you're living a lie
I, I, I see the scars in your eyes
I, I, I know you're living a lie
I, I
I guess you'd rather have a star than the moon
I guess I always overestimate you
Who'd do all the things that you do?
I'm down, down in my doomsday blues
I, I, I know you're living a lie!
I, I, I know you're living a lie!
Avada Kedavra, the thoughts in my head
The places I touch when lying in bed
The visions of you, the words that you said, undo
My heartbeat buried in the ground
And to the strings I bind, you're bound
So when you sleep, you'll hear the sound (ah!)
I, I, I know you're living a lie
I, I, I see the scars in your eyes
I, I, I know you're living a lie
I, I
I guess you'd rather have a star than the moon
I guess I always overestimate you
Who'd do all the things that you do?
I'm down, down in my doomsday blue
I guess you'd rather have a star than the moon
I guess I always overestimate you
Who'd do all the things that you do?
I'm down, down in my doomsday blue
For your romance, I'd beg, steal and borrow
It's draining me hollow, you
(I guess you'd rather have a)
(Star than the moon) you slow dance me out of my sorrow
(I guess you'd rather have a star than the moon) but your favourite colour
Compared to the others is doom, doomsday blue
Blue
Blue
Blue, blue, blue, blue
Blue, blue, blue, blue
Blue, blue, blue, blue
Blue, blue, blue, blue
Avada Kedavra, I speak to destroy!",Ireland,Bambie Thug,Doomsday Blue,0,"avada kedavra, i speak to destroy
the feelings i have, i cannot avoid
through twisted tongues, a hex deployed on you
that all the pretties in your bed
escape your hands and make you sad
and all the things you wish you had you'd lose
i, i, i know you're living a lie
i, i, i see the scars in your eyes
i, i, i know you're living a lie
i, i
i guess you'd rather have a star than the moon
i guess i always overestimate you
who'd do all the things that you do?
i'm down, down in my doomsday blues
i, i, i know you're living a lie!
i, i, i know you're living a lie!
avada kedavra, the thoughts in my head
the places i touch when lying in bed
the visions of you, the words that you said, undo
my heartbeat buried in the ground
and to the strings i bind, you're bound
so when you sleep, you'll hear the sound (ah!)
i, i, i know you're living a lie
i, i, i see the scars in your eyes
i, i, i know you're living a lie
i, i
i guess you'd rather have a star than the moon
i guess i always overestimate you
who'd do all the things that you do?
i'm down, down in my doomsday blue
i guess you'd rather have a star than the moon
i guess i always overestimate you
who'd do all the things that you do?
i'm down, down in my doomsday blue
for your romance, i'd beg, steal and borrow
it's draining me hollow, you
(i guess you'd rather have a)
(star than the moon) you slow dance me out of my sorrow
(i guess you'd rather have a star than the moon) but your favourite colour
compared to the others is doom, doomsday blue
blue
blue
blue, blue, blue, blue
blue, blue, blue, blue
blue, blue, blue, blue
blue, blue, blue, blue
avada kedavra, i speak to destroy!",en,7.6858835
2024,"Quanti disegni ho fatto
Rimango qui e li guardo
Nessuno prende vita
Questa pagina è pigra
Vado di fretta
E mi hanno detto che la vita è preziosa
Io la indosso a testa alta sul collo
La mia collana non ha perle di saggezza
A me hanno dato le perline colorate
Per le bimbe incasinate con i traumi
Da snodare piano piano con l'età
Eppure sto una Pasqua, guarda, zero drammi
Quasi quasi cambio di nuovo città
Che a stare ferma a me mi viene, a me mi viene
La noia
La noia
La noia
La noia
Muoio senza morire, in questi giorni usati
Vivo senza soffrire, non c'è croce più grande
Non ci resta che ridere in queste notti bruciate
Una corona di spine sarà il dress-code per la mia festa
Ah, è la cumbia della noia, mmh
È la cumbia della noia
Total
Ah, è la cumbia della noia
È la cumbia della noia
Total
Quanta gente nelle cose vede il male
Viene voglia di scappare come iniziano a parlare
E vorrei dirgli che sto bene ma poi mi guardano male
Allora dico che è difficile campare
Business, parli di business
Intanto chiudo gli occhi per firmare i contratti, mmh
Princess, ti chiama ""princess""
Allora adesso smettila di lavare i piatti
Muoio senza morire, in questi giorni usati
Vivo senza soffrire, non c'è croce più grande
Non ci resta che ridere in queste notti bruciate
Una corona di spine sarà il dress-code per la mia festa
Ah, è la cumbia della noia
È la cumbia della noia
Total
Ah, è la cumbia della noia
È la cumbia della noia
Total
Allora scrivi canzoni?
Sì, le canzoni d'amore
E non ti voglio annoiare
Ma qualcuno le deve cantare
Cumbia, ballo la cumbia
Se rischio di inciampare almeno fermo la noia
Quindi faccio una festa, faccio una festa
Perché è l'unico modo per fermare, per fermare, per fermare, ah
La noia
La noia
La noia
La noia
Muoio perché morire rende i giorni più umani
Vivo perché soffrire fa le gioie più grandi
Non ci resta che ridere in queste notti bruciate
Una corona di spine sarà il dress-code per la mia festa
È la cumbia della noia
È la cumbia della noia
Total
Ah, è la cumbia della noia
È la cumbia della noia
Total
Total",Italy,Angelina Mango,La noia,0,"quanti disegni ho fatto
rimango qui e li guardo
nessuno prende vita
questa pagina è pigra
vado di fretta
e mi hanno detto che la vita è preziosa
io la indosso a testa alta sul collo
la mia collana non ha perle di saggezza
a me hanno dato le perline colorate
per le bimbe incasinate con i traumi
da snodare piano piano con l'età
eppure sto una pasqua, guarda, zero drammi
quasi quasi cambio di nuovo città
che a stare ferma a me mi viene, a me mi viene
la noia
la noia
la noia
la noia
muoio senza morire, in questi giorni usati
vivo senza soffrire, non c'è croce più grande
non ci resta che ridere in queste notti bruciate
una corona di spine sarà il dress-code per la mia festa
ah, è la cumbia della noia, mmh
è la cumbia della noia
total
ah, è la cumbia della noia
è la cumbia della noia
total
quanta gente nelle cose vede il male
viene voglia di scappare come iniziano a parlare
e vorrei dirgli che sto bene ma poi mi guardano male
allora dico che è difficile campare
business, parli di business
intanto chiudo gli occhi per firmare i contratti, mmh
princess, ti chiama ""princess""
allora adesso smettila di lavare i piatti
muoio senza morire, in questi giorni usati
vivo senza soffrire, non c'è croce più grande
non ci resta che ridere in queste notti bruciate
una corona di spine sarà il dress-code per la mia festa
ah, è la cumbia della noia
è la cumbia della noia
total
ah, è la cumbia della noia
è la cumbia della noia
total
allora scrivi canzoni?
sì, le canzoni d'amore
e non ti voglio annoiare
ma qualcuno le deve cantare
cumbia, ballo la cumbia
se rischio di inciampare almeno fermo la noia
quindi faccio una festa, faccio una festa
perché è l'unico modo per fermare, per fermare, per fermare, ah
la noia
la noia
la noia
la noia
muoio perché morire rende i giorni più umani
vivo perché soffrire fa le gioie più grandi
non ci resta che ridere in queste notti bruciate
una corona di spine sarà il dress-code per la mia festa
è la cumbia della noia
è la cumbia della noia
total
ah, è la cumbia della noia
è la cumbia della noia
total
total",it,7.0031667
2024,"Իա լալիալի իա լալիալի լա
Իա լալիալի իա լալիալի լա
Հաաա
Լա լա լաի լաի լաի լա լա լա լա
Լա լա լաի լաի լաի լա լա լա լա
Լա լա լաի լաի լաի լա լա լա լա
Լա լա լաի լաի լաի լա լա լա լա
Ինձ ասում են, Ժակո', քեզ խելոք պահի' (Ժակո')
Շատ մի' խոսա
Շատ սուս էլ մի' նստի
Հագի', բացի', փակի
Աղջկա պես քեզ պահի
Ես աղջիկ եմ ազատ
Ես կպարեմ, դու էլ նայի'
Լա լա լաի լաի լաի լա լա լա լա (Ժակո')
Լա լա լաի լաի լաի լա լա լա լա
Լա լա լաի լաի լաի լա լա լա լա
Լա լա լաի լաի լաի լա լա լա լա
Արի', արի', արի' դու ինձ միացի'
Մեկա, մեկա, մեկա' ով ինչ կասի
Էլի, էլի, էլի ժամին չենք նայի
Հելի', հելի', հելի' բոյիդ մատաղ
Վե'ր կաց, պարի'
Լա լա լաի լաի լաի լա լա լա լա (Ժակո')
Լա լա լաի լաի լաի լա լա լա լա
Լա լա լաի լաի լաի լա լա լա լա
Լա լա լաի լաի լաի լա լա լա լա
Իա լալիալի իա լալիալի լա
Իա լալիալի իա լալիալի լա
Իա լալիալի իա լալիալի լա
Իա լալիալի իա լալիալի լա
Հահա
Հաահա
Հաահա
Լա լա լաի լաի լաի լա լա լա լա (Ժակո')
Լա լա լաի լաի լաի լա լա լա լա
Լա լա լաի լաի լաի լա լա լա լա (Ժակո')
Լա լա լաի լաի լաի լա լա լա լա",Armenia,LADANIVA,Jako,0,"իա լալիալի իա լալիալի լա
իա լալիալի իա լալիալի լա
հաաա
լա լա լաի լաի լաի լա լա լա լա
լա լա լաի լաի լաի լա լա լա լա
լա լա լաի լաի լաի լա լա լա լա
լա լա լաի լաի լաի լա լա լա լա
ինձ ասում են, ժակո', քեզ խելոք պահի' (ժակո')
շատ մի' խոսա
շատ սուս էլ մի' նստի
հագի', բացի', փակի
աղջկա պես քեզ պահի
ես աղջիկ եմ ազատ
ես կպարեմ, դու էլ նայի'
լա լա լաի լաի լաի լա լա լա լա (ժակո')
լա լա լաի լաի լաի լա լա լա լա
լա լա լաի լաի լաի լա լա լա լա
լա լա լաի լաի լաի լա լա լա լա
արի', արի', արի' դու ինձ միացի'
մեկա, մեկա, մեկա' ով ինչ կասի
էլի, էլի, էլի ժամին չենք նայի
հելի', հելի', հելի' բոյիդ մատաղ
վե'ր կաց, պարի'
լա լա լաի լաի լաի լա լա լա լա (ժակո')
լա լա լաի լաի լաի լա լա լա լա
լա լա լաի լաի լաի լա լա լա լա
լա լա լաի լաի լաի լա լա լա լա
իա լալիալի իա լալիալի լա
իա լալիալի իա լալիալի լա
իա լալիալի իա լալիալի լա
իա լալիալի իա լալիալի լա
հահա
հաահա
հաահա
լա լա լաի լաի լաի լա լա լա լա (ժակո')
լա լա լաի լաի լաի լա լա լա լա
լա լա լաի լաի լաի լա լա լա լա (ժակո')
լա լա լաի լաի լաի լա լա լա լա",et,14.950766
2024,"She comes alive at night
When her prey's asleep
Make your eyes go blind
Now you're in too deep
She gon' chew you up and leave you empty, hollow
Then, she'll spit you out, anyway, I follow
She gon' hurt you bad, but it feels so good
I don't care, no, I don't care
You better know she's dangerous
She is unforgettable (unforgettable)
And it feels so good, it hurts
She is unforgettable
Woah-oh-oh-oh
She's unforgettable
She's unforgettable
Her love is venomous (ah)
It's getting serious (it's getting serious)
She gon' chew you up and leave you empty, hollow
Then, she'll spit you out, anyway, I follow
She gon' hurt you bad, but it feels so good
I don't care, no, I don't care
You better know she's dangerous
She is unforgettable (unforgettable)
And it feels so good, it hurts
She is unforgettable
Woah-oh-oh-oh
She's unforgettable
Oh
It's in your eyes and I know it
It's venomous 'cause I feel it inside of me
She's unforgettable
It's in your eyes and I know it
It's venomous 'cause I feel it inside of me
She's unforgettable
",Sweden,Marcus & Martinus,Unforgettable,0,"she comes alive at night
when her prey's asleep
make your eyes go blind
now you're in too deep
she gon' chew you up and leave you empty, hollow
then, she'll spit you out, anyway, i follow
she gon' hurt you bad, but it feels so good
i don't care, no, i don't care
you better know she's dangerous
she is unforgettable (unforgettable)
and it feels so good, it hurts
she is unforgettable
woah-oh-oh-oh
she's unforgettable
she's unforgettable
her love is venomous (ah)
it's getting serious (it's getting serious)
she gon' chew you up and leave you empty, hollow
then, she'll spit you out, anyway, i follow
she gon' hurt you bad, but it feels so good
i don't care, no, i don't care
you better know she's dangerous
she is unforgettable (unforgettable)
and it feels so good, it hurts
she is unforgettable
woah-oh-oh-oh
she's unforgettable
oh
it's in your eyes and i know it
it's venomous 'cause i feel it inside of me
she's unforgettable
it's in your eyes and i know it
it's venomous 'cause i feel it inside of me
she's unforgettable
",en,9.26208
2024,"Ouvi, senti o corpo a carregar
Seguimos assim um e outro, um e outro, um e outro
Sou queda livre, aviso quando lá chegar
Entrego-me aqui pouco a pouco
Passos largos, presa na partida
Quero largar o que me deixou ferida
Peço à estrela-mãe que faça o dia
Nascer de novo
Transformei cada verso de mim
(Ainda arde)
E entregue à coragem
Que ainda arde, ainda arde
Bate a luz no peito e abre
Sou chama que ainda arde
Ainda arde, ainda arde
Hoje eu quero provar a mim mesma
Que posso ser o que eu quiser (o que eu quiser)
Juntar quem me quer bem numa mesa
Perdoar quem me quis ver sofrer
A mim, não me enganam (não, não)
Eu sou todo o tamanho (sou)
Ainda lembro, quando era pequena
Eu sonhava primeiro
Passos largos, presa na partida
Hoje eu largo aquilo que me deixou ferida
E peço à estrela-mãe que faça o dia
Nascer de novo
Transformei cada verso de mim
(Ainda arde)
E entregue à coragem
Que ainda arde, ainda arde
Bate a luz no peito e abre
Sou chama que ainda arde
Ainda arde, ainda arde
Sou chama que ainda arde, ainda arde
Sou chama que ainda arde, ainda arde
Arde, arde, arde
Transformei cada verso de mim
E entregue à coragem
Que ainda arde, ainda arde
Bate a luz no peito e abre
Sou chama que ainda arde
Ainda arde, ainda arde",Portugal,iolanda,Grito,0,"ouvi, senti o corpo a carregar
seguimos assim um e outro, um e outro, um e outro
sou queda livre, aviso quando lá chegar
entrego-me aqui pouco a pouco
passos largos, presa na partida
quero largar o que me deixou ferida
peço à estrela-mãe que faça o dia
nascer de novo
transformei cada verso de mim
(ainda arde)
e entregue à coragem
que ainda arde, ainda arde
bate a luz no peito e abre
sou chama que ainda arde
ainda arde, ainda arde
hoje eu quero provar a mim mesma
que posso ser o que eu quiser (o que eu quiser)
juntar quem me quer bem numa mesa
perdoar quem me quis ver sofrer
a mim, não me enganam (não, não)
eu sou todo o tamanho (sou)
ainda lembro, quando era pequena
eu sonhava primeiro
passos largos, presa na partida
hoje eu largo aquilo que me deixou ferida
e peço à estrela-mãe que faça o dia
nascer de novo
transformei cada verso de mim
(ainda arde)
e entregue à coragem
que ainda arde, ainda arde
bate a luz no peito e abre
sou chama que ainda arde
ainda arde, ainda arde
sou chama que ainda arde, ainda arde
sou chama que ainda arde, ainda arde
arde, arde, arde
transformei cada verso de mim
e entregue à coragem
que ainda arde, ainda arde
bate a luz no peito e abre
sou chama que ainda arde
ainda arde, ainda arde",pt,13.507149
2024,"Πόνος μη μας έρθει μακάρι
Πέφτω και κυλιέμαι σα ζάρι
Κάνω πως ξεχνάω τ' όνομα σου
Κι όλα αλλάζουν γύρω μου απότομα
Ο άνεμος για πού θα μας πάρει;
Πέφτω και κυλιέμαι σα ζάρι
Κάνω πως ξεχνάω τ' άρωμα σου
Κι όλα αλλάζουν γύρω μου
Eh, I'm gonna do it my way
Στο μυαλό σου θα μπαινοβγαίνω
Γιατί δε μου 'δωσες το χέρι ούτε για να πιαστώ
Κάποτε είχα πόνο για σένα κρυφό
Τ' αφήνω όλα να βγούνε
Πάμε put your hands up
Κάνω ότι δεν ήτανε ψέμα
Ρίξε άλλη μια τελευταία φορά
Κι άσε να μας φέρει ό, τι θέλει μετά
Τα, τα, τα, τα-τα
Τα, τα, τα, τα, τα, τα
Κι άσε να μας φέρει ό, τι θέλει μετά
Τα, τα, τα-τα, τα, τα, να μας φέρει ό, τι θέλει
Τα, τα, τα, τα, τα, τα
Κι ας είναι να μας φέρει ό, τι θέλει μετά
Τα, τα, τα-τα, τα, τα, να μας φέρει ό, τι θέλει
Να μη θυμηθώ, τις ώρες που κόντευα να τρελαθώ
Άσε να μη θυμηθώ
Δε πίστευες το κάρμα ότι είναι αληθινό
Πάμε put your hands up
Κάνω ότι δεν ήτανε ψέμα
Ρίξε άλλη μια τελευταία φορά
Κι άσε να μας φέρει ό, τι θέλει μετά
Τα, τα, τα, τα-τα
Μόνη κι αν μένω, πάντα σε περιμένω
Τρέμω σαν φλόγα, σαν σπίρτο αναμμένο
Όταν χαράζει με τρώει το μαράζι
Μόνη πεθαίνω αν είσαι αλλού
Τα, τα, τα, τα, τα, τα
Κι άσε να μας φέρει ό, τι θέλει μετά
Τα, τα, τα-τα, τα, τα, να μας φέρει ό, τι θέλει
Τα, τα, τα, τα, τα, τα
Κι ας είναι να μας φέρει ό, τι θέλει μετά
Τα, τα, τα-τα, τα, τα, να μας φέρει ό, τι θέλει
Πόνος μη μας έρθει μακάρι
Πέφτω και κυλιέμαι σα ζάρι
Κάνω πως ξεχνάω τ' όνομα σου
Κι όλα αλλάζουν γύρω μου απότομα
Ο άνεμος για πού θα μας πάρει;
Πέφτω και κυλιέμαι σα ζάρι (oh-eh, oh-eh)
Κάνω πως ξεχνάω τ' άρωμα σου
Κι όλα αλλάζουν γύρω μου απότομα
(Όπα, όπα, όπα, κάτσε, κάτσε, κάτσε)
Τα, τα, τα, τα, τα, τα
Κι άσε να μας φέρει ό, τι θέλει μετά
Τα, τα, τα-τα, τα, τα, να μας φέρει ό, τι θέλει
Κι ας είναι να μας φέρει ό, τι θέλει μετά
Τα, τα
",Greece,Marina Satti,ZARI,0,"πόνος μη μας έρθει μακάρι
πέφτω και κυλιέμαι σα ζάρι
κάνω πως ξεχνάω τ' όνομα σου
κι όλα αλλάζουν γύρω μου απότομα
ο άνεμος για πού θα μας πάρει;
πέφτω και κυλιέμαι σα ζάρι
κάνω πως ξεχνάω τ' άρωμα σου
κι όλα αλλάζουν γύρω μου
eh, i'm gonna do it my way
στο μυαλό σου θα μπαινοβγαίνω
γιατί δε μου 'δωσες το χέρι ούτε για να πιαστώ
κάποτε είχα πόνο για σένα κρυφό
τ' αφήνω όλα να βγούνε
πάμε put your hands up
κάνω ότι δεν ήτανε ψέμα
ρίξε άλλη μια τελευταία φορά
κι άσε να μας φέρει ό, τι θέλει μετά
τα, τα, τα, τα-τα
τα, τα, τα, τα, τα, τα
κι άσε να μας φέρει ό, τι θέλει μετά
τα, τα, τα-τα, τα, τα, να μας φέρει ό, τι θέλει
τα, τα, τα, τα, τα, τα
κι ας είναι να μας φέρει ό, τι θέλει μετά
τα, τα, τα-τα, τα, τα, να μας φέρει ό, τι θέλει
να μη θυμηθώ, τις ώρες που κόντευα να τρελαθώ
άσε να μη θυμηθώ
δε πίστευες το κάρμα ότι είναι αληθινό
πάμε put your hands up
κάνω ότι δεν ήτανε ψέμα
ρίξε άλλη μια τελευταία φορά
κι άσε να μας φέρει ό, τι θέλει μετά
τα, τα, τα, τα-τα
μόνη κι αν μένω, πάντα σε περιμένω
τρέμω σαν φλόγα, σαν σπίρτο αναμμένο
όταν χαράζει με τρώει το μαράζι
μόνη πεθαίνω αν είσαι αλλού
τα, τα, τα, τα, τα, τα
κι άσε να μας φέρει ό, τι θέλει μετά
τα, τα, τα-τα, τα, τα, να μας φέρει ό, τι θέλει
τα, τα, τα, τα, τα, τα
κι ας είναι να μας φέρει ό, τι θέλει μετά
τα, τα, τα-τα, τα, τα, να μας φέρει ό, τι θέλει
πόνος μη μας έρθει μακάρι
πέφτω και κυλιέμαι σα ζάρι
κάνω πως ξεχνάω τ' όνομα σου
κι όλα αλλάζουν γύρω μου απότομα
ο άνεμος για πού θα μας πάρει;
πέφτω και κυλιέμαι σα ζάρι (oh-eh, oh-eh)
κάνω πως ξεχνάω τ' άρωμα σου
κι όλα αλλάζουν γύρω μου απότομα
(όπα, όπα, όπα, κάτσε, κάτσε, κάτσε)
τα, τα, τα, τα, τα, τα
κι άσε να μας φέρει ό, τι θέλει μετά
τα, τα, τα-τα, τα, τα, να μας φέρει ό, τι θέλει
κι ας είναι να μας φέρει ό, τι θέλει μετά
τα, τα
",el,3.5202591
2024,"I am nothin' but the average
Even though I'm special to some
I can't refuse, I'm going under
No one gives a shit about what's soon to come
What's soon to come
I know my blessing with the privilege
Of doin' anything I want
But I don't feel like getting stronger
In my mind, it's just a game that can't be won
That can't be won
I'm always on the run, run, run, run
Close, but never done, done, done, done
I can't break out when I'm free, lost in my own identity
I'm on the run, run, run, run
I'm always on the run, na-na-eh, run, na-na-eh
Run, na-na-eh, run, na-na-eh (it's like I'm on the)
Run, na-na-eh, run, na-na-eh
Run, na-na-eh, run, na-na-eh
All I do is keep my head up
But it's time to keep the pace (run, na-na-eh, run, na-na-eh)
Like I'm haunted by the voices deep within
Oh, they're just never gonna fade (run, na-na-eh, run, na-na-eh)
Not gonna fade
I'm always on the run, run, run, run
Close, but never done, done, done, done
I can't break out when I'm free, lost in my own identity
I'm on the run, run, run, run
I'm always on the run, na-na-eh, run, na-na-eh
Run, na-na-eh, run, na-na-eh (it's like I'm on the)
Run, na-na-eh, run, na-na-eh
Run, na-na-eh, run, na-na-eh
Run from the silence, screamin' for guidance
Who am I fighting for?
And get out of my head, I'm so sick and tired
Can't do this anymore
Run from the silence, screamin' for guidance (run, na-na-eh, run, na-na-eh)
Who am I fighting for? (Run, na-na-eh, run, na-na-eh)
And get out of my head, I'm so sick and tired (run, na-na-eh, run, na-na-eh)
Can't do this anymore (run, na-na-eh, run, na-na-eh)
Run from the silence, screamin' for guidance (run, na-na-eh, run, na-na-eh)
Who am I fighting for? (Run, na-na-eh, run, na-na-eh)
And get out of my head, I'm so sick and tired (run, na-na-eh, run, na-na-eh)
Can't do this anymore (run, na-na-eh, run, na-na-eh)
",Germany,ISAAK,Always On The Run,0,"i am nothin' but the average
even though i'm special to some
i can't refuse, i'm going under
no one gives a shit about what's soon to come
what's soon to come
i know my blessing with the privilege
of doin' anything i want
but i don't feel like getting stronger
in my mind, it's just a game that can't be won
that can't be won
i'm always on the run, run, run, run
close, but never done, done, done, done
i can't break out when i'm free, lost in my own identity
i'm on the run, run, run, run
i'm always on the run, na-na-eh, run, na-na-eh
run, na-na-eh, run, na-na-eh (it's like i'm on the)
run, na-na-eh, run, na-na-eh
run, na-na-eh, run, na-na-eh
all i do is keep my head up
but it's time to keep the pace (run, na-na-eh, run, na-na-eh)
like i'm haunted by the voices deep within
oh, they're just never gonna fade (run, na-na-eh, run, na-na-eh)
not gonna fade
i'm always on the run, run, run, run
close, but never done, done, done, done
i can't break out when i'm free, lost in my own identity
i'm on the run, run, run, run
i'm always on the run, na-na-eh, run, na-na-eh
run, na-na-eh, run, na-na-eh (it's like i'm on the)
run, na-na-eh, run, na-na-eh
run, na-na-eh, run, na-na-eh
run from the silence, screamin' for guidance
who am i fighting for?
and get out of my head, i'm so sick and tired
can't do this anymore
run from the silence, screamin' for guidance (run, na-na-eh, run, na-na-eh)
who am i fighting for? (run, na-na-eh, run, na-na-eh)
and get out of my head, i'm so sick and tired (run, na-na-eh, run, na-na-eh)
can't do this anymore (run, na-na-eh, run, na-na-eh)
run from the silence, screamin' for guidance (run, na-na-eh, run, na-na-eh)
who am i fighting for? (run, na-na-eh, run, na-na-eh)
and get out of my head, i'm so sick and tired (run, na-na-eh, run, na-na-eh)
can't do this anymore (run, na-na-eh, run, na-na-eh)
",en,14.554436
2024,"T'as plus vingt ans, t'as plus le temps
De faire l'enfant, de faire que la fête
T'as plus d'argent, pas d'élan
Tu vas vraiment droit vers la défaite
Et j'entends au loin, au loin, au loin
Cette petite voix, chant de sirène
Qui me dit ""mais viens, vas-y, prends ma main""
""Allez, je t'emmène""
Ah, ah, ah, ah
Qui me dit tout bas
Ah, ah, ah, ah
Come, I will never let you down
I know you're a fighter
Hold in your heart the love around
You know you're a fighter
Et j'entends au loin, au loin, au loin
Cette petite voix qui me répète
""Nan, mais tu vas où?""
J'avoue, j'avoue, je sais pas
J'veux tout et rien à la fois
J'finirai complètement folle, et voilà
T'as pas le droit d'rester comme ça
Faut faire des choix, t'as quoi dans la tête?
Mène des combats, crois en toi
Le monde est là, pars à sa conquête
Et j'entends au loin, au loin, au loin
Cette petite voix, chant de sirène
Qui me dit ""mais viens, va vers ton destin""
""Faut pas que tu freines""
Ah, ah, ah, ah
Qui me dit tout bas
Ah, ah, ah, ah
Come, I will never let you down
I know you're a fighter
Hold in your heart the love around
You know you're a fighter
Et j'entends au loin, au loin, au loin
Cette petite voix qui me répète
""Nan, mais tu vas où?""
J'avoue, j'avoue, je sais pas
J'veux tout et rien à la fois
J'finirai complètement folle, et voilà
Hear the sound of your dreams, you're so near
They are so near, look around
Hear the sound of your dreams, not of your fears
And just open up your heart
Come, I will never let you down
I know you're a fighter
Hold in your heart the love around
You know you're a fighter
Et j'entends au loin, au loin, au loin
Cette petite voix qui me répète
""Nan, mais tu vas où?""
Come, I will never let you down
I know you're a fighter
Hold in your heart the love around
You know you're a fighter
Et cette voix, elle s'en va
Et revient, dans ma tête
""Nan, mais tu vas où?""
J'avoue, j'avoue, je sais pas
J'veux tout et rien à la fois
J'finirai complètement folle, et voilà
J'avoue, j'avoue, je sais pas
J'veux tout et rien à la fois
J'finirai complètement folle, et voilà",Luxembourg,TALI,Fighter,0,"t'as plus vingt ans, t'as plus le temps
de faire l'enfant, de faire que la fête
t'as plus d'argent, pas d'élan
tu vas vraiment droit vers la défaite
et j'entends au loin, au loin, au loin
cette petite voix, chant de sirène
qui me dit ""mais viens, vas-y, prends ma main""
""allez, je t'emmène""
ah, ah, ah, ah
qui me dit tout bas
ah, ah, ah, ah
come, i will never let you down
i know you're a fighter
hold in your heart the love around
you know you're a fighter
et j'entends au loin, au loin, au loin
cette petite voix qui me répète
""nan, mais tu vas où?""
j'avoue, j'avoue, je sais pas
j'veux tout et rien à la fois
j'finirai complètement folle, et voilà
t'as pas le droit d'rester comme ça
faut faire des choix, t'as quoi dans la tête?
mène des combats, crois en toi
le monde est là, pars à sa conquête
et j'entends au loin, au loin, au loin
cette petite voix, chant de sirène
qui me dit ""mais viens, va vers ton destin""
""faut pas que tu freines""
ah, ah, ah, ah
qui me dit tout bas
ah, ah, ah, ah
come, i will never let you down
i know you're a fighter
hold in your heart the love around
you know you're a fighter
et j'entends au loin, au loin, au loin
cette petite voix qui me répète
""nan, mais tu vas où?""
j'avoue, j'avoue, je sais pas
j'veux tout et rien à la fois
j'finirai complètement folle, et voilà
hear the sound of your dreams, you're so near
they are so near, look around
hear the sound of your dreams, not of your fears
and just open up your heart
come, i will never let you down
i know you're a fighter
hold in your heart the love around
you know you're a fighter
et j'entends au loin, au loin, au loin
cette petite voix qui me répète
""nan, mais tu vas où?""
come, i will never let you down
i know you're a fighter
hold in your heart the love around
you know you're a fighter
et cette voix, elle s'en va
et revient, dans ma tête
""nan, mais tu vas où?""
j'avoue, j'avoue, je sais pas
j'veux tout et rien à la fois
j'finirai complètement folle, et voilà
j'avoue, j'avoue, je sais pas
j'veux tout et rien à la fois
j'finirai complètement folle, et voilà",fr,10.171278
2024,"Diena viena, ir vėl kita
Tarytum čia data sustojo
Einu tai ten, einu tai šen
Ir kai sutems, ir vėl iš naujo
Rytoj, rytoj, rytoj
Pažadu mylėt tave rytoj
Laboj, laboj, laboj
Surasi tu mane nakty laboj
Ar aš vis dar gyvas?
Ar tebepažįsti mane?
Saulė nepakyla
Pasakyk, ar liksi šalia?
Luktelk, luktelk
Dar vieną minutę luktelk
Luktelk, luktelk
Dar vieną minutę luktelk
Naktis viena, naktis kita
Kaip visada, aš vėl iš naujo
Rytoj, rytoj, rytoj
Pažadu mylėt tave rytoj
Ar aš vis dar gyvas?
Ar tebepažįsti mane?
Saulė nepakyla
Pasakyk, ar liksi šalia?
Luktelk, luktelk
Dar vieną minutę luktelk
Luktelk, luktelk
Dar vieną minutę luktelk
Stovime tyloje grojančio radio
Nebenoriu šokt, nebenoriu šokt
Stovime tyloje grojančio radio
Nebenoriu šokt, bet man reikia šokt
Ar aš vis dar gyvas?
Ar tebepažįsti mane?
Saulė nepakyla
Pasakyk, ar liksi šalia?
Luktelk, luktelk
Dar vieną minutę luktelk
Luktelk, luktelk
Dar vieną minutę luktelk",Lithuania,Silvester Belt,Luktelk,0,"diena viena, ir vėl kita
tarytum čia data sustojo
einu tai ten, einu tai šen
ir kai sutems, ir vėl iš naujo
rytoj, rytoj, rytoj
pažadu mylėt tave rytoj
laboj, laboj, laboj
surasi tu mane nakty laboj
ar aš vis dar gyvas?
ar tebepažįsti mane?
saulė nepakyla
pasakyk, ar liksi šalia?
luktelk, luktelk
dar vieną minutę luktelk
luktelk, luktelk
dar vieną minutę luktelk
naktis viena, naktis kita
kaip visada, aš vėl iš naujo
rytoj, rytoj, rytoj
pažadu mylėt tave rytoj
ar aš vis dar gyvas?
ar tebepažįsti mane?
saulė nepakyla
pasakyk, ar liksi šalia?
luktelk, luktelk
dar vieną minutę luktelk
luktelk, luktelk
dar vieną minutę luktelk
stovime tyloje grojančio radio
nebenoriu šokt, nebenoriu šokt
stovime tyloje grojančio radio
nebenoriu šokt, bet man reikia šokt
ar aš vis dar gyvas?
ar tebepažįsti mane?
saulė nepakyla
pasakyk, ar liksi šalia?
luktelk, luktelk
dar vieną minutę luktelk
luktelk, luktelk
dar vieną minutę luktelk",lt,9.123256
2024,"Waking up in the morning and I’m, I’m feeling like ooh-la-la
It’s about to go down ’cause I found out the truth, la-la
Nine o’clock in the morning and I know this is our last night
I know what I’m doing ’cause, yeah, I got it on black and white

Should’ve known that you are a liar
But I looked the other way
Should’ve known you’re a trouble maker
But you act too nice to hate
I knew we couldn’t get much higher
But you promised the world to me
Do you see that you light my fire?
Now I know what I know

Because of you
I’ll make it through

Take a look at yourself ’cause that’s what you need to do, to do
‘Cause the only problem in this room is about you, about you

‘Cause you’re a liar
Liar, liar, liar
Yeah, yeah, yeah
You liar, liar, liar, liar
Yeah, yeah, yeah

Waking up in the morning and I’m, I’m feeling like ooh-la-la
Now I know that your heart and your mind don’t align, la-la
I can see it in your eyes that you don’t like to be this way
I know that you’re fighting back, guys like you can’t be changed

Should’ve known that you are a liar
But I looked the other way
Should’ve known you’re a trouble maker
But you act too nice to hate
I knew we couldn’t get much higher
But you promised the world to me
Do you see that you light my fire?
Now I know what I know

Because of you
I’ll make it through

Take a look at yourself ’cause that’s what you need to do, to do
‘Cause the only problem in this room is about you, about you

‘Cause you’re a liar
Yeah, yeah, yeah
Yeah, yeah, yeah

Because of you
I’ll make it through

Take a look at yourself ’cause that’s what you need to do, to do
‘Cause the only problem in this room is about you, about you
‘Cauѕe you’re a liаr
",Cyprus,Silia Kapsis,Liar,0,"waking up in the morning and i’m, i’m feeling like ooh-la-la
it’s about to go down ’cause i found out the truth, la-la
nine o’clock in the morning and i know this is our last night
i know what i’m doing ’cause, yeah, i got it on black and white

should’ve known that you are a liar
but i looked the other way
should’ve known you’re a trouble maker
but you act too nice to hate
i knew we couldn’t get much higher
but you promised the world to me
do you see that you light my fire?
now i know what i know

because of you
i’ll make it through

take a look at yourself ’cause that’s what you need to do, to do
‘cause the only problem in this room is about you, about you

‘cause you’re a liar
liar, liar, liar
yeah, yeah, yeah
you liar, liar, liar, liar
yeah, yeah, yeah

waking up in the morning and i’m, i’m feeling like ooh-la-la
now i know that your heart and your mind don’t align, la-la
i can see it in your eyes that you don’t like to be this way
i know that you’re fighting back, guys like you can’t be changed

should’ve known that you are a liar
but i looked the other way
should’ve known you’re a trouble maker
but you act too nice to hate
i knew we couldn’t get much higher
but you promised the world to me
do you see that you light my fire?
now i know what i know

because of you
i’ll make it through

take a look at yourself ’cause that’s what you need to do, to do
‘cause the only problem in this room is about you, about you

‘cause you’re a liar
yeah, yeah, yeah
yeah, yeah, yeah

because of you
i’ll make it through

take a look at yourself ’cause that’s what you need to do, to do
‘cause the only problem in this room is about you, about you
‘cauѕe you’re a liаr
",en,15.097333
2024,"Don't look now
Whoa, you'll see me crying rivers I might drown
Don't know how
Whoa, oh, will I ever find my own way out?
I don't wanna lose me so cruelly
I'm drifting in and out of who I am
So help me understand
It's killin' me slow
Try to make me just another believer
Everybody just pretending they're preachers, preachers
It's killin' me slow
Yeah, I'd rather let them dig my grave shallow
Instead of selling out to something so hollow, hollow
Not afraid
Whoa, to tell you all my sins I can't escape
I won't change
Whoa, it's like a bad disease that I can't shake
I don't wanna lose me so cruelly
I'm drifting in and out of who I am
So help me understand
It's killin' me slow
Try to make me just another believer
Everybody just pretending they're preachers, preachers
It's killin' me slow
Yeah, I'd rather let them dig my grave shallow
Instead of selling out to something so hallow, hollow
Never selling out to something so hollow
(Hollow, hollow)
It's killin' me slow
Yeah, I'd rather let them dig my grave shallow
Instead of selling out to something so hollow",Latvia,Dons,Hollow,0,"don't look now
whoa, you'll see me crying rivers i might drown
don't know how
whoa, oh, will i ever find my own way out?
i don't wanna lose me so cruelly
i'm drifting in and out of who i am
so help me understand
it's killin' me slow
try to make me just another believer
everybody just pretending they're preachers, preachers
it's killin' me slow
yeah, i'd rather let them dig my grave shallow
instead of selling out to something so hollow, hollow
not afraid
whoa, to tell you all my sins i can't escape
i won't change
whoa, it's like a bad disease that i can't shake
i don't wanna lose me so cruelly
i'm drifting in and out of who i am
so help me understand
it's killin' me slow
try to make me just another believer
everybody just pretending they're preachers, preachers
it's killin' me slow
yeah, i'd rather let them dig my grave shallow
instead of selling out to something so hallow, hollow
never selling out to something so hollow
(hollow, hollow)
it's killin' me slow
yeah, i'd rather let them dig my grave shallow
instead of selling out to something so hollow",en,11.41753
2024,"Nemam, nemam, nemam ja
Nemam mira, nemam sna
Ne da noć da dođe dan
Teško onom ko je sam
Ko pod vodom tiho je sve
Vrištim, al' se ne čuje
Iza gora beli sjaj, ja ne nazirem kraj
Ovo put je za ranjene
Nema ko da vodi me
Do svetle zvezde Danice
Gori svet (gori svet)
Svaki cvet (svaki cvet)
Gde su nestale (nestale) lila ramonde?
Lila ramonda, lila ramonda-a
Lila ramonda, lila ramonda-a, da-a
Ramonda, lila ramonda-a
Lila ramonda, lila ramonda
A nema ko da vodi me
Jer zvezde sve su zaspale
Ne pomažu ni molitve
Gde su nestale (nestale) lila ramonde?
Lila ramonda, lila ramonda-a
Lila ramonda, lila ramonda
Lila ramonda, lila ramonda-a
Lila ramonda, lila ramonda-a, ah-a
Ramonda, lila ramonda
Lila ramonda, lila ramonda
Diže se iz pepela
Jedna lila ramonda",Serbia,TEYA DORA,RAMONDA,0,"nemam, nemam, nemam ja
nemam mira, nemam sna
ne da noć da dođe dan
teško onom ko je sam
ko pod vodom tiho je sve
vrištim, al' se ne čuje
iza gora beli sjaj, ja ne nazirem kraj
ovo put je za ranjene
nema ko da vodi me
do svetle zvezde danice
gori svet (gori svet)
svaki cvet (svaki cvet)
gde su nestale (nestale) lila ramonde?
lila ramonda, lila ramonda-a
lila ramonda, lila ramonda-a, da-a
ramonda, lila ramonda-a
lila ramonda, lila ramonda
a nema ko da vodi me
jer zvezde sve su zaspale
ne pomažu ni molitve
gde su nestale (nestale) lila ramonde?
lila ramonda, lila ramonda-a
lila ramonda, lila ramonda
lila ramonda, lila ramonda-a
lila ramonda, lila ramonda-a, ah-a
ramonda, lila ramonda
lila ramonda, lila ramonda
diže se iz pepela
jedna lila ramonda",hr,13.335243
2024,"Di-
(Make me dizzy, dizzy, dizzy)
There's a place where we break the line (make me-)
Make it a circle redefined, mm (di-)
Beautiful gardens, eternal flowers (make me di-)
You know the way, so take me there
Won't you make me dizzy from your kisses?
Will you take my hand and spin me
'Round and 'round until the moment never ends? Mm
Make me dizzy from your kisses
Will you take my hand and spin me?
Take me back to the beginning again (again, again)
Pulling me close (close, close), I feel stillness in the air (di-)
Time has frozen, all memories lost
So won't you make me dizzy from your kisses?
Will you take my hand and spin me
'Round and 'round until the moment never ends? Mm
Make me dizzy from your kisses
Will you take my hand and spin me?
Take me back to the beginning again (again, again)
So don't you make me dizzy from, oh, oh
(Oh, won't you make-)
There isn't an end, there isn't a start
I don't wanna stop, I can't go too far
There isn't an end, there isn't a start
I don't wanna stop, I can't go too far
There isn't an end, there isn't a start
I don't wanna stop, I can't go too far
There isn't an end, there isn't
So won't you make me dizzy from your kisses? (Oh)
Will you take my hand and spin me
'Round and 'round until the moment never ends?
(Until the moment never ends) uh
Make me dizzy from your kisses
Will you take my hand and spin me? (Take my hand)
Take me back to the beginning again (again, again)",United Kingdom,Olly Alexander,Dizzy,0,"di-
(make me dizzy, dizzy, dizzy)
there's a place where we break the line (make me-)
make it a circle redefined, mm (di-)
beautiful gardens, eternal flowers (make me di-)
you know the way, so take me there
won't you make me dizzy from your kisses?
will you take my hand and spin me
'round and 'round until the moment never ends? mm
make me dizzy from your kisses
will you take my hand and spin me?
take me back to the beginning again (again, again)
pulling me close (close, close), i feel stillness in the air (di-)
time has frozen, all memories lost
so won't you make me dizzy from your kisses?
will you take my hand and spin me
'round and 'round until the moment never ends? mm
make me dizzy from your kisses
will you take my hand and spin me?
take me back to the beginning again (again, again)
so don't you make me dizzy from, oh, oh
(oh, won't you make-)
there isn't an end, there isn't a start
i don't wanna stop, i can't go too far
there isn't an end, there isn't a start
i don't wanna stop, i can't go too far
there isn't an end, there isn't a start
i don't wanna stop, i can't go too far
there isn't an end, there isn't
so won't you make me dizzy from your kisses? (oh)
will you take my hand and spin me
'round and 'round until the moment never ends?
(until the moment never ends) uh
make me dizzy from your kisses
will you take my hand and spin me? (take my hand)
take me back to the beginning again (again, again)",en,10.205704
2024,"Welcome, my name is Windows, Windows95man
And I only live by one rule, and the rule is no rules
(No rules)
Silence, I say, this is my time, my stage
Call me what you may, see if I care, see me slay
Is there something wrong with the way I look?
Is there something wrong with who I am?
If I'm not alright, tell me why do I
Feel so beautiful tonight?
No rules, it's how I live
How I find the wind beneath my wings
It's how I learned to fly
(Let's go) no rules
In the heat of the night, in the thrill of the fight
I don't even care what's wrong or right
It's how I live my life, no rules
Quiet as I speak, I am the king, I am the queen
And you all gonna be free, forget the rules and scream
Is there something wrong with the way I look?
Is there something wrong with who I am?
If I'm not alright, tell me why do I
Feel so beautiful tonight? (Move your body)
No rules, it's how I live
How I find the wind beneath my wings
It's how I learned to fly
(Come to me) no rules
In the heat of the night, in the thrill of the fight
I don't even care what's wrong or right
It's how I live my life
(No rules) it's how I live
How I find the wind beneath my wings
It's how I learn to fly
(Make some noise, let's go)
In the heat of the night, in the thrill of the fight
I don't even care what's wrong or right
It's how I live my life
No rules, it's how I live (yeah, oh)
How I find the wind beneath my wings
It's how I learned to fly (come on)
No rules
In the heat of the night, in the thrill of the fight
I don't even care what's wrong or right
It's how I live my life
No rules",Finland,Windows95man,No Rules!,0,"welcome, my name is windows, windows95man
and i only live by one rule, and the rule is no rules
(no rules)
silence, i say, this is my time, my stage
call me what you may, see if i care, see me slay
is there something wrong with the way i look?
is there something wrong with who i am?
if i'm not alright, tell me why do i
feel so beautiful tonight?
no rules, it's how i live
how i find the wind beneath my wings
it's how i learned to fly
(let's go) no rules
in the heat of the night, in the thrill of the fight
i don't even care what's wrong or right
it's how i live my life, no rules
quiet as i speak, i am the king, i am the queen
and you all gonna be free, forget the rules and scream
is there something wrong with the way i look?
is there something wrong with who i am?
if i'm not alright, tell me why do i
feel so beautiful tonight? (move your body)
no rules, it's how i live
how i find the wind beneath my wings
it's how i learned to fly
(come to me) no rules
in the heat of the night, in the thrill of the fight
i don't even care what's wrong or right
it's how i live my life
(no rules) it's how i live
how i find the wind beneath my wings
it's how i learn to fly
(make some noise, let's go)
in the heat of the night, in the thrill of the fight
i don't even care what's wrong or right
it's how i live my life
no rules, it's how i live (yeah, oh)
how i find the wind beneath my wings
it's how i learned to fly (come on)
no rules
in the heat of the night, in the thrill of the fight
i don't even care what's wrong or right
it's how i live my life
no rules",en,14.998548
2024,"Me pole narkomaanid pole midagi teind
Kleidid meie seljas on prügikasti leid
Politseikroonika ja suvilas on reid
Ainus kott mis laual on roheline lay's
Me pole narkomaanid pole midagi teind
Kleidid meie seljas on prügikasti leid
Politseikroonika ja suvilas on reid
Vormis mehed külas mul on väga okei
Kuula nüüd seda
Saab huugama ära
Meid kuulda on täna
A see kott vii ära
Ma ei tea narkootikume, limpsi tean ja siidrit
Vahet ma ei suudaks teha vitamiinil spiidil
Kuula nüüd seda
Saab huugama ära
Meid kuulda on täna
A see kott vii ära
Pilvikud ja šampinjonid – kus on teie niidid?
Käivitate minu keha nagu köögipliidi
Pardikesed väikesed, kuid moonid on nii pikad
Mõnuaineid väldime, las seda teevad rikkad
Kohal varahommikul ja kirevad kui kikkad
Ära viisid kommid mul need kurva näoga plikad
Mõnuaineid väldime vaid sest me pole rikkad
Tarekese tagatoas on laual ainult IPA-d
Prillid on pupilli, eino pulli pärast ikka
Läbi näevad kõigest need, kes jõudnud esiritta
Ole vait ja ma pole teind
Kuigi ümber minu aint on see tants vaid siin käind jeaa
Ole vait ja ma pole näind
Kuigi ümber minu aint on see tants vaid siin käind jeaa
Kuula nüüd seda
Saab huugama ära
Meid kuulda on täna
A see kott vii ära
Ma ei tea narkootikume, limpsi tean ja siidrit
Vahet ma ei suudaks teha vitamiinil spiidil
Kuula nüüd seda
Saab huugama ära
Meid kuulda on täna
A see kott vii ära
Pilvikud ja šampinjonid – kuѕ on teie niidid?
Käivitate minu keha nаgu köögipliidi",Estonia,5MIINUST x Puuluup,(nendest) narkootikumidest ei tea me (küll) midagi,0,"me pole narkomaanid pole midagi teind
kleidid meie seljas on prügikasti leid
politseikroonika ja suvilas on reid
ainus kott mis laual on roheline lay's
me pole narkomaanid pole midagi teind
kleidid meie seljas on prügikasti leid
politseikroonika ja suvilas on reid
vormis mehed külas mul on väga okei
kuula nüüd seda
saab huugama ära
meid kuulda on täna
a see kott vii ära
ma ei tea narkootikume, limpsi tean ja siidrit
vahet ma ei suudaks teha vitamiinil spiidil
kuula nüüd seda
saab huugama ära
meid kuulda on täna
a see kott vii ära
pilvikud ja šampinjonid – kus on teie niidid?
käivitate minu keha nagu köögipliidi
pardikesed väikesed, kuid moonid on nii pikad
mõnuaineid väldime, las seda teevad rikkad
kohal varahommikul ja kirevad kui kikkad
ära viisid kommid mul need kurva näoga plikad
mõnuaineid väldime vaid sest me pole rikkad
tarekese tagatoas on laual ainult ipa-d
prillid on pupilli, eino pulli pärast ikka
läbi näevad kõigest need, kes jõudnud esiritta
ole vait ja ma pole teind
kuigi ümber minu aint on see tants vaid siin käind jeaa
ole vait ja ma pole näind
kuigi ümber minu aint on see tants vaid siin käind jeaa
kuula nüüd seda
saab huugama ära
meid kuulda on täna
a see kott vii ära
ma ei tea narkootikume, limpsi tean ja siidrit
vahet ma ei suudaks teha vitamiinil spiidil
kuula nüüd seda
saab huugama ära
meid kuulda on täna
a see kott vii ära
pilvikud ja šampinjonid – kuѕ on teie niidid?
käivitate minu keha nаgu köögipliidi",et,14.603548
2024,"I see it in the air, I see it in the air
I’m running through these ashes like a firefighter

Put out the fire, put out the fire.
Did we build empires just to watch them burn?
My heart’s beating louder, I’m running like tigers.
No fear in my eyes though.
I will save this love.

The ceiling is falling, the windows are burning.
It’s getting harder to breathe.

Can you hear me calling?
I see ashes falling.
I’m down on my knees.
But I will save this love.

I see it in the air, I see it in the air.
I’m rising from these ashes like a phoenix, yeah.
You know I’ll be there.
You know that I’ll be there.
I’m running through these ashes like a firefighter.

Put out the fire, put out the fire.
Put out the fire, put out the fire.
Put out the fire.

Come dance with the thunder,
Cause love makes us stronger.
We’re not here forever.
So can we save this love?

From lovers to fighters,
Oh, why do we do this?
We’re meant to rise higher and higher and higher.

The ceiling is falling, the windows are burning.
It’s getting harder to breathe.

Can you hear me calling?
I see ashes falling, falling, falling.

I see it in the air, I see it in the air.
I’m rising from these ashes like a phoenix, yeah.
You know that I’ll be there.
You know that I’ll be there.
I’ll be there, I’ll be there.

I see it in the air, I see it in the air.
I’m rising from these ashes like a phoenix, yeah.
You know I’ll be there.
You know that I’ll be there.
We’re running through these ashes like a firefighter.

I see it in the air, I see it in the air.
We’re rising from these ashes like a phoenix, yeah.
You know I’ll be there.
You know that I’ll be there.
We’re rising from these ashes like a phoenix, yeah.",Georgia,Nutsa Buzaladze,Firefighter,0,"i see it in the air, i see it in the air
i’m running through these ashes like a firefighter

put out the fire, put out the fire.
did we build empires just to watch them burn?
my heart’s beating louder, i’m running like tigers.
no fear in my eyes though.
i will save this love.

the ceiling is falling, the windows are burning.
it’s getting harder to breathe.

can you hear me calling?
i see ashes falling.
i’m down on my knees.
but i will save this love.

i see it in the air, i see it in the air.
i’m rising from these ashes like a phoenix, yeah.
you know i’ll be there.
you know that i’ll be there.
i’m running through these ashes like a firefighter.

put out the fire, put out the fire.
put out the fire, put out the fire.
put out the fire.

come dance with the thunder,
cause love makes us stronger.
we’re not here forever.
so can we save this love?

from lovers to fighters,
oh, why do we do this?
we’re meant to rise higher and higher and higher.

the ceiling is falling, the windows are burning.
it’s getting harder to breathe.

can you hear me calling?
i see ashes falling, falling, falling.

i see it in the air, i see it in the air.
i’m rising from these ashes like a phoenix, yeah.
you know that i’ll be there.
you know that i’ll be there.
i’ll be there, i’ll be there.

i see it in the air, i see it in the air.
i’m rising from these ashes like a phoenix, yeah.
you know i’ll be there.
you know that i’ll be there.
we’re running through these ashes like a firefighter.

i see it in the air, i see it in the air.
we’re rising from these ashes like a phoenix, yeah.
you know i’ll be there.
you know that i’ll be there.
we’re rising from these ashes like a phoenix, yeah.",en,5.9252205
2024,"Zorra, zorra, zorra
Zorra, zorra, zorra
Ya sé que soy solo una zorra
Que mi pasado te devora
Ya sé que soy la oveja negra
La incomprendida, la de piedra (la de piedra)
Ya sé que no soy quien tú quieres, lo sé
Entiendo que te desespere, lo sé
Pero esta es mi naturaleza
Cambiar por ti me da pereza
Estoy en un buen momento
Solo era cuestión de tiempo
Voy a salir a la calle a gritar lo que siento
A los cuatro vientos
Si salgo sola, soy la zorra
Si me divierto, la más zorra
Si alargo y se me hace de día
Soy más zorra todavía
Cuando consigo lo que quiero (zorra, zorra)
Jamás es porque lo merezco (zorra, zorra)
Y aunque me esté comiendo el mundo
No se valora ni un segundo
Estoy en un buen momento
Solo era cuestión de tiempo
Voy a salir a la calle a gritar lo que siento
A los cuatro vientos
Estoy en un buen momento (zorra, zorra)
Reconstruida por dentro (zorra, zorra)
Y esa zorra que tanto temías se fue empoderando
Y ahora es una zorra de postal (zorra, zorra, zorra)
A la que ya no le va mal (zorra, zorra, zorra)
A la que todo le da igual, lapídame, si ya total
Soy una zorra de postal
Yo soy una mujer real (zorra, zorra, zorra)
Y si me pongo visceral (zorra, zorra, zorra)
De zorra pasaré a chacal, te habrás metido en un zarzal
Soy una zorra de postal (zorra, zorra, zorra)
Estoy en un buen momento
Solo era cuestión de tiempo
Voy a salir a la calle a gritar lo que siento
A los cuatro vientos
Estoy en un buen momento (zorra, zorra, zorra)
Reconstruida por dentro (zorra, zorra, zorra)
Y esa zorra que tanto temías se fue empoderando
Y ahora es una zorra de postal",Spain,Nebulossa,ZORRA,0,"zorra, zorra, zorra
zorra, zorra, zorra
ya sé que soy solo una zorra
que mi pasado te devora
ya sé que soy la oveja negra
la incomprendida, la de piedra (la de piedra)
ya sé que no soy quien tú quieres, lo sé
entiendo que te desespere, lo sé
pero esta es mi naturaleza
cambiar por ti me da pereza
estoy en un buen momento
solo era cuestión de tiempo
voy a salir a la calle a gritar lo que siento
a los cuatro vientos
si salgo sola, soy la zorra
si me divierto, la más zorra
si alargo y se me hace de día
soy más zorra todavía
cuando consigo lo que quiero (zorra, zorra)
jamás es porque lo merezco (zorra, zorra)
y aunque me esté comiendo el mundo
no se valora ni un segundo
estoy en un buen momento
solo era cuestión de tiempo
voy a salir a la calle a gritar lo que siento
a los cuatro vientos
estoy en un buen momento (zorra, zorra)
reconstruida por dentro (zorra, zorra)
y esa zorra que tanto temías se fue empoderando
y ahora es una zorra de postal (zorra, zorra, zorra)
a la que ya no le va mal (zorra, zorra, zorra)
a la que todo le da igual, lapídame, si ya total
soy una zorra de postal
yo soy una mujer real (zorra, zorra, zorra)
y si me pongo visceral (zorra, zorra, zorra)
de zorra pasaré a chacal, te habrás metido en un zarzal
soy una zorra de postal (zorra, zorra, zorra)
estoy en un buen momento
solo era cuestión de tiempo
voy a salir a la calle a gritar lo que siento
a los cuatro vientos
estoy en un buen momento (zorra, zorra, zorra)
reconstruida por dentro (zorra, zorra, zorra)
y esa zorra que tanto temías se fue empoderando
y ahora es una zorra de postal",es,15.875618
2024,"Skrila sem se v reko in odšla v tiho noč
Z glasnimi koraki, nemi klici na pomoč
Zdaj, ko sem le voda, v valovih iščem mir
Utopim se v sebi, se svetlobi prepustim
Najdi me, rani me, brani me
Koga loviš, ko me zapustiš?
Dvigni me, pusti me, ljubi me
Kdo te lovi, ko se me bojiš?
Koga se bojiš, ko svoje želje zatajiš?
Gledaš me v oči, podoba tebe v njih žari
Ogledalo sem brez robov
Le odsev tvojih sem strahov
Najdi me, rani me, brani me
Koga loviš, ko me zapustiš?
Dvigni me, pusti me, ljubi me
Kdo te lovi, ko se me bojiš?
Jaz sem, ti si
Veronika, oh-oh-oh
Tvojo resnico le ona ve
Jaz sem, ti si
Veronika, oh-oh-oh
Tvojo resnico le ona ve
Jaz sem, ti si
Veronika (oh-oh)
Tvojo resnico le ona ve (oh-oh-oh)",Slovenia,Raiven,Veronika,0,"skrila sem se v reko in odšla v tiho noč
z glasnimi koraki, nemi klici na pomoč
zdaj, ko sem le voda, v valovih iščem mir
utopim se v sebi, se svetlobi prepustim
najdi me, rani me, brani me
koga loviš, ko me zapustiš?
dvigni me, pusti me, ljubi me
kdo te lovi, ko se me bojiš?
koga se bojiš, ko svoje želje zatajiš?
gledaš me v oči, podoba tebe v njih žari
ogledalo sem brez robov
le odsev tvojih sem strahov
najdi me, rani me, brani me
koga loviš, ko me zapustiš?
dvigni me, pusti me, ljubi me
kdo te lovi, ko se me bojiš?
jaz sem, ti si
veronika, oh-oh-oh
tvojo resnico le ona ve
jaz sem, ti si
veronika, oh-oh-oh
tvojo resnico le ona ve
jaz sem, ti si
veronika (oh-oh)
tvojo resnico le ona ve (oh-oh-oh)",sl,13.105313
2024,"Ice running through my veins
You just did it again
Go, 'cause I can't be your friend
I'm cold, but this is not the end
So I go, go, go
Where them broken-hearted go
No one knows a thing 'bout my heart and soul
I go-o-o
Wanna dance it off alone
I won't let it show
They will never know
When the darkness hits, and we can't be saved
We ram-di-dam-dam-dam
We will rave
When our hearts are burning, we feel no pain
We ram-di-dam-dam-dam
We will rave
We ram-di-dam-dam-dam
We ram-di-dam-dam-dam (we will rave)
We ram-di-dam-dam-dam (we will rave)
(We will rave)
(Rave, rave ra-a-a-a-a)
We will rave
See only silhouettes
I just wanna forget
About everything we said
And the demons in my head
So I go, go, go
Where them broken-hearted go
No one knows a thing 'bout my heart and soul
I go-o-o
Wanna dance it off alone
I won't let it show
They will never know
When the darkness hits, and we can't be saved
We ram-di-dam-dam-dam
We will rave
When our hearts are burning, we feel no pain
We ram-di-dam-dam-dam
We will rave
We ram-di-dam-dam-dam (we will rave)
We will rave
We will rave
We will rave
(Rave, rave, rave)
We will rave
When the darkness hits, and we can't be saved (can't be saved)
We ram-di-dam-dam-dam
We will rave
When our hearts are burning, we feel no pain
We ram-di-dam-dam-dam
We will rave (we will)
We ram-di-dam-dam-dam
We will rave (we will)
We ram-di-dam-dam-dam
We will rave (oh-ooh)
We ram-di-dam-dam-dam
We will rave",Austria,Kaleen,We Will Rave,0,"ice running through my veins
you just did it again
go, 'cause i can't be your friend
i'm cold, but this is not the end
so i go, go, go
where them broken-hearted go
no one knows a thing 'bout my heart and soul
i go-o-o
wanna dance it off alone
i won't let it show
they will never know
when the darkness hits, and we can't be saved
we ram-di-dam-dam-dam
we will rave
when our hearts are burning, we feel no pain
we ram-di-dam-dam-dam
we will rave
we ram-di-dam-dam-dam
we ram-di-dam-dam-dam (we will rave)
we ram-di-dam-dam-dam (we will rave)
(we will rave)
(rave, rave ra-a-a-a-a)
we will rave
see only silhouettes
i just wanna forget
about everything we said
and the demons in my head
so i go, go, go
where them broken-hearted go
no one knows a thing 'bout my heart and soul
i go-o-o
wanna dance it off alone
i won't let it show
they will never know
when the darkness hits, and we can't be saved
we ram-di-dam-dam-dam
we will rave
when our hearts are burning, we feel no pain
we ram-di-dam-dam-dam
we will rave
we ram-di-dam-dam-dam (we will rave)
we will rave
we will rave
we will rave
(rave, rave, rave)
we will rave
when the darkness hits, and we can't be saved (can't be saved)
we ram-di-dam-dam-dam
we will rave
when our hearts are burning, we feel no pain
we ram-di-dam-dam-dam
we will rave (we will)
we ram-di-dam-dam-dam
we will rave (we will)
we ram-di-dam-dam-dam
we will rave (oh-ooh)
we ram-di-dam-dam-dam
we will rave",en,15.311343
2024,"Eg var meg så ven og fager ei møy
Med stimoder vond, mi moder ho døy
Ho skapte meg om til eit svær og ei nål
Og sende meg av ti kongens gård
Og vreida mi stimoder kjende mest
Når alle dei gillaste lika meg best
Ho gav meg ein ham som ulve grå
Ho svor meg einsam i skogjen gå
Og aldri blir eg heil og god
Før eg fær drukkje min broders blod
Så reiv eg ut hennes vistri sie
Så hennеs blod de sprang så vie
Så eg fеkk drukkji min broders blod",Norway,Gåte,Ulveham,0,"eg var meg så ven og fager ei møy
med stimoder vond, mi moder ho døy
ho skapte meg om til eit svær og ei nål
og sende meg av ti kongens gård
og vreida mi stimoder kjende mest
når alle dei gillaste lika meg best
ho gav meg ein ham som ulve grå
ho svor meg einsam i skogjen gå
og aldri blir eg heil og god
før eg fær drukkje min broders blod
så reiv eg ut hennes vistri sie
så hennеs blod de sprang så vie
så eg fеkk drukkji min broders blod",no,7.895779
